{
  "background": "GamePlay/Levels/level5.png",
  "floorY": 10,
  "birds": [
    {
      "imgPath": "GamePlay/Birds/angry_bird.png",
      "x": 80.0,
      "y": 180.0,
      "width": 50.0,
      "height": 50.0,
      "scaleFactor": 0.8,
      "density": 0.5,
      "friction": 1.0,
      "restitution": 0.8,
      "angle": 0.0,
      "shape": "circle"
    },
    {
      "imgPath": "GamePlay/Birds/Terence.png",
      "x": 153.0,
      "y": 196.0,
      "width": 78.0,
      "height": 78.0,
      "scaleFactor": 0.8,
      "density": 0.8,
      "friction": 1.0,
      "restitution": 0.7,
      "angle": 0.5,
      "shape": "circle"
    }
  ],
  "pigs": [
    {
      "imgPath": "GamePlay/Pigs/KingPig.png",
      "x": 890.0,
      "y": 305.0,
      "width": 86.0,
      "height": 74.0,
      "scaleFactor": 2,
      "density": 0.5,
      "friction": 1.0,
      "restitution": 0.6,
      "angle": 0.0,
      "shape": "circle"
    }
  ],
  "components": [

    {
      "imgPath": "GamePlay/Surroundings/WoodBlock1.png",
      "x": 952.0,
      "y": 230.0,
      "type": "wood",
      "durability": 5,
      "width": 81.0,
      "height": 74.0,
      "scaleFactor": 2,
      "density": 0.8,
      "friction": 1.0,
      "restitution": 0.3,
      "angle": 0.0,
      "shape": "rectangle"
    }
  ]
}
