{
  "background": "GamePlay/Levels/level2.png",
  "floorY": 100,
  "birds": [
    {
      "imgPath": "GamePlay/Birds/angry_bird.png",
      "x": 80.0,
      "y": 180.0,
      "width": 50.0,
      "height": 50.0,
      "scaleFactor": 0.8,
      "density": 0.5,
      "friction": 1.0,
      "restitution": 0.8,
      "angle": 0.0,
      "shape": "circle"
    },
    {
      "imgPath": "GamePlay/Birds/Terence.png",
      "x": 153.0,
      "y": 196.0,
      "width": 78.0,
      "height": 78.0,
      "scaleFactor": 0.8,
      "density": 0.8,
      "friction": 1.0,
      "restitution": 0.7,
      "angle": 0.5,
      "shape": "circle"
    },
    {
      "imgPath": "GamePlay/Birds/blue1.png",
      "x": 220.0,
      "y": 180.0,
      "width": 50.0,
      "height": 50.0,
      "scaleFactor": 0.8,
      "density": 0.5,
      "friction": 1.0,
      "restitution": 0.8,
      "angle": 0.0,
      "shape": "circle"
    }
  ],
  "pigs": [
    {
      "imgPath": "GamePlay/Pigs/Pig.png",
      "x": 890.0,
      "y": 305.0,
      "width": 86.0,
      "height": 74.0,
      "scaleFactor": 0.7,
      "density": 0.5,
      "friction": 1.0,
      "restitution": 0.6,
      "angle": 0.0,
      "shape": "circle"
    },
    {
      "imgPath": "GamePlay/Pigs/Chef.png",
      "x": 800.0,
      "y": 305.0,
      "width": 86.0,
      "height": 74.0,
      "scaleFactor": 0.7,
      "density": 0.5,
      "friction": 1.0,
      "restitution": 0.6,
      "angle": 0.0,
      "shape": "circle"
    },
    {
      "imgPath": "GamePlay/Pigs/Minion.png",
      "x": 720.0,
      "y": 305.0,
      "width": 86.0,
      "height": 74.0,
      "scaleFactor": 0.7,
      "density": 0.5,
      "friction": 1.0,
      "restitution": 0.6,
      "angle": 0.0,
      "shape": "circle"
    }
  ],
  "components": [
    {
      "imgPath": "GamePlay/Surroundings/block2.png",
      "x": 850.0,
      "y": 170.0,
      "type": "wood",
      "durability": 5,
      "width": 208.0,
      "height": 62.0,
      "scaleFactor": 1,
      "density": 0.8,
      "friction": 1.0,
      "restitution": 0.3,
      "angle": 0.0,
      "shape": "rectangle"
    },
    {
      "imgPath": "GamePlay/Surroundings/WoodBlock1.png",
      "x": 842.0,
      "y": 251.0,
      "type": "wood",
      "durability": 5,
      "width": 81.0,
      "height": 74.0,
      "scaleFactor": 0.8,
      "density": 0.8,
      "friction": 1.0,
      "restitution": 0.3,
      "angle": 0.0,
      "shape": "rectangle"
    }
  ]
}
